{
  "pos_goals_p90": {
    "AM": 0.15403501810081577,
    "DC": 0.02736641205834067,
    "DL": 0.0297934151920927,
    "DM": 0.03845958040740044,
    "DR": 0.02784336557295118,
    "GK": 0.0,
    "LW": 0.14772652036056497,
    "MC": 0.05522180776023354,
    "ML": 0.06984924739583191,
    "MR": 0.05184136535775378,
    "RW": 0.1538488492092123,
    "ST": 0.24401441858480272
  },
  "pos_assists_p90": {
    "AM": 0.1383716419352175,
    "DC": 0.0206814700041139,
    "DL": 0.07336246926361664,
    "DM": 0.04284298607468932,
    "DR": 0.06609638555835326,
    "GK": 0.0031008671768716464,
    "LW": 0.13532681789669915,
    "MC": 0.07103694249156735,
    "ML": 0.11201653272367994,
    "MR": 0.1009462464337679,
    "RW": 0.13799112378194378,
    "ST": 0.09822651665947964
  }
}