{
    "CB": {
        "goals_p90": 0.038675746640111114,
        "assists_p90": 0.02717188485346443,
        "non_goal_shots_p90": 0.04489995328237726,
        "shot_accuracy": 0.005347679473033266,
        "passes_p90": 0.07263995333489051,
        "pass_accuracy": 0.023991323525010287,
        "dribbles_p90": 0.034943399877093655,
        "dribble_success_rate": 0.004306255180461076,
        "tackles_p90": 0.1813040808705662,
        "tackle_success_rate": 0.1325520936918223,
        "offsides_p90": 6.16473019834963e-18,
        "fouls_committed_p90": 0.04761405550144392,
        "possession_won_p90": 0.17219375792597352,
        "possession_lost_p90": 0.13841038731996022,
        "distance_covered_p90": 0.013399200754751438,
        "distance_sprinted_p90": 0.03052988770136806,
        "xt_bonus_p90": 0.0320203400676727
    },
    "CM": {
        "goals_p90": 0.05992446949175933,
        "assists_p90": 0.05908611905168712,
        "non_goal_shots_p90": 0.07466646020146864,
        "shot_accuracy": 0.020367353457103967,
        "passes_p90": 0.07597401807302591,
        "pass_accuracy": 0.06106604721312502,
        "dribbles_p90": 0.067704576143285,
        "dribble_success_rate": 0.050845311937768686,
        "tackles_p90": 0.08016590310635181,
        "tackle_success_rate": 0.04728439125546577,
        "offsides_p90": 0.0007543959482962329,
        "fouls_committed_p90": 0.03589265901949865,
        "possession_won_p90": 0.07029896870226203,
        "possession_lost_p90": 0.10543763465614148,
        "distance_covered_p90": 0.06291832287174919,
        "distance_sprinted_p90": 0.07505074773834913,
        "xt_bonus_p90": 0.05256262113266204
    },
    "ST": {
        "goals_p90": 0.15744142489092106,
        "assists_p90": 0.1738273982831645,
        "non_goal_shots_p90": 0.15255844016589096,
        "shot_accuracy": 0.04906002331928248,
        "passes_p90": 0.05105705696049851,
        "pass_accuracy": 0.013356986579959101,
        "dribbles_p90": 0.08466699565067512,
        "dribble_success_rate": 0.0474098572068932,
        "tackles_p90": 0.03153758695919216,
        "tackle_success_rate": 0.003713922952523445,
        "offsides_p90": 0.040926424952675504,
        "fouls_committed_p90": 0.0032327290874905852,
        "possession_won_p90": 0.0238243846878503,
        "possession_lost_p90": 0.027567928136314573,
        "distance_covered_p90": 0.05087310035665495,
        "distance_sprinted_p90": 0.04392886170408287,
        "xt_bonus_p90": 0.04501687810593065
    },
    "CDM": {
        "goals_p90": 0.022444896964598757,
        "assists_p90": 0.04392545439352186,
        "non_goal_shots_p90": 0.04118114380510803,
        "shot_accuracy": 0.005248063871020956,
        "passes_p90": 0.1362628203750245,
        "pass_accuracy": 0.13118467045648938,
        "dribbles_p90": 0.029684910082300838,
        "dribble_success_rate": 0.01663462235674249,
        "tackles_p90": 0.12698173152474782,
        "tackle_success_rate": 0.08039785409397114,
        "offsides_p90": 7.77255461921754e-18,
        "fouls_committed_p90": 0.05189157541987283,
        "possession_won_p90": 0.11227788667674221,
        "possession_lost_p90": 0.10063685318546216,
        "distance_covered_p90": 0.033884854573449384,
        "distance_sprinted_p90": 0.03516447496690107,
        "xt_bonus_p90": 0.03219818725404651
    },
    "RWB": {
        "goals_p90": 0.0,
        "assists_p90": 0.2446378363881639,
        "non_goal_shots_p90": 0.0011753066800786391,
        "shot_accuracy": 0.00012025773049561877,
        "passes_p90": 0.07608989941588643,
        "pass_accuracy": 0.03802673299980481,
        "dribbles_p90": 0.10443768617285791,
        "dribble_success_rate": 0.04448663310132326,
        "tackles_p90": 0.06711234071710832,
        "tackle_success_rate": 0.05092848787654088,
        "offsides_p90": 0.0001502072000755549,
        "fouls_committed_p90": 0.02421516238668771,
        "possession_won_p90": 0.05042526447168663,
        "possession_lost_p90": 0.03753104344892244,
        "distance_covered_p90": 0.07557623060392876,
        "distance_sprinted_p90": 0.07675465334182588,
        "xt_bonus_p90": 0.10833225746461315
    },
    "LWB": {
        "goals_p90": 0.0,
        "assists_p90": 0.2446378363881639,
        "non_goal_shots_p90": 0.0011753066800786391,
        "shot_accuracy": 0.00012025773049561877,
        "passes_p90": 0.07608989941588643,
        "pass_accuracy": 0.03802673299980481,
        "dribbles_p90": 0.10443768617285791,
        "dribble_success_rate": 0.04448663310132326,
        "tackles_p90": 0.06711234071710832,
        "tackle_success_rate": 0.05092848787654088,
        "offsides_p90": 0.0001502072000755549,
        "fouls_committed_p90": 0.02421516238668771,
        "possession_won_p90": 0.05042526447168663,
        "possession_lost_p90": 0.03753104344892244,
        "distance_covered_p90": 0.07557623060392876,
        "distance_sprinted_p90": 0.07675465334182588,
        "xt_bonus_p90": 0.10833225746461315
    },
    "RW": {
        "goals_p90": 0.10650165757017988,
        "assists_p90": 0.08300130974272149,
        "non_goal_shots_p90": 0.10050153136057235,
        "shot_accuracy": 0.036515716010172734,
        "passes_p90": 0.0840494779240893,
        "pass_accuracy": 0.030331604585724446,
        "dribbles_p90": 0.12958935382117162,
        "dribble_success_rate": 0.0664120374387793,
        "tackles_p90": 0.027009750360321872,
        "tackle_success_rate": 0.006003969809281862,
        "offsides_p90": 0.0374142860251588,
        "fouls_committed_p90": 0.0030053478330410344,
        "possession_won_p90": 0.02490652327231999,
        "possession_lost_p90": 0.016125292276428223,
        "distance_covered_p90": 0.0838037358722446,
        "distance_sprinted_p90": 0.08852159496433187,
        "xt_bonus_p90": 0.07630681113346068
    },
    "LW": {
        "goals_p90": 0.10650165757017988,
        "assists_p90": 0.08300130974272149,
        "non_goal_shots_p90": 0.10050153136057235,
        "shot_accuracy": 0.036515716010172734,
        "passes_p90": 0.0840494779240893,
        "pass_accuracy": 0.030331604585724446,
        "dribbles_p90": 0.12958935382117162,
        "dribble_success_rate": 0.0664120374387793,
        "tackles_p90": 0.027009750360321872,
        "tackle_success_rate": 0.006003969809281862,
        "offsides_p90": 0.0374142860251588,
        "fouls_committed_p90": 0.0030053478330410344,
        "possession_won_p90": 0.02490652327231999,
        "possession_lost_p90": 0.016125292276428223,
        "distance_covered_p90": 0.0838037358722446,
        "distance_sprinted_p90": 0.08852159496433187,
        "xt_bonus_p90": 0.07630681113346068
    },
    "RB": {
        "goals_p90": 0.0,
        "assists_p90": 0.044152066043112226,
        "non_goal_shots_p90": 0.001131298824981568,
        "shot_accuracy": 0.00011575483361971596,
        "passes_p90": 0.09155101309004561,
        "pass_accuracy": 0.06100478438201989,
        "dribbles_p90": 0.0837726255153836,
        "dribble_success_rate": 0.03568407336283903,
        "tackles_p90": 0.12112388432621783,
        "tackle_success_rate": 0.0919153796239863,
        "offsides_p90": 0.00036145720906197165,
        "fouls_committed_p90": 0.04994669273341987,
        "possession_won_p90": 0.12134288737809902,
        "possession_lost_p90": 0.09031435384859984,
        "distance_covered_p90": 0.06418797823378215,
        "distance_sprinted_p90": 0.0651888295920186,
        "xt_bonus_p90": 0.0782069210028127
    },
    "LB": {
        "goals_p90": 0.0,
        "assists_p90": 0.044152066043112226,
        "non_goal_shots_p90": 0.001131298824981568,
        "shot_accuracy": 0.00011575483361971596,
        "passes_p90": 0.09155101309004561,
        "pass_accuracy": 0.06100478438201989,
        "dribbles_p90": 0.0837726255153836,
        "dribble_success_rate": 0.03568407336283903,
        "tackles_p90": 0.12112388432621783,
        "tackle_success_rate": 0.0919153796239863,