{
    "CB": {
        "goals_p90": 6.915959040214502e-33,
        "assists_p90": 2.7614307234076318e-17,
        "non_goal_shots_p90": 0.042186415645406254,
        "shot_accuracy": 0.004201786737970233,
        "passes_p90": 0.09228852836298093,
        "pass_accuracy": 0.02945991089213603,
        "dribbles_p90": 0.04417736115877777,
        "dribble_success_rate": 0.007012953713675907,
        "tackles_p90": 0.1786727060382215,
        "tackle_success_rate": 0.14333579423698345,
        "offsides_p90": 1.6665200098082888e-17,
        "fouls_committed_p90": 0.042265952552538295,
        "possession_won_p90": 0.18165743566503736,
        "possession_lost_p90": 0.15549108836040673,
        "distance_covered_p90": 0.011719427582520633,
        "distance_sprinted_p90": 0.031944169679155664,
        "xt_bonus_p90": 0.03558646937418928
    },
    "CM": {
        "goals_p90": 0.06560959434608814,
        "assists_p90": 0.06018322034045586,
        "non_goal_shots_p90": 0.073902348380306,
        "shot_accuracy": 0.02063493270752801,
        "passes_p90": 0.08329778930874693,
        "pass_accuracy": 0.06301541669682094,
        "dribbles_p90": 0.07429323192138676,
        "dribble_success_rate": 0.04989643495774157,
        "tackles_p90": 0.06962717438432316,
        "tackle_success_rate": 0.039705671425614604,
        "offsides_p90": 0.0006469812891601071,
        "fouls_committed_p90": 0.03958245433137488,
        "possession_won_p90": 0.07273737429161634,
        "possession_lost_p90": 0.11221688284820652,
        "distance_covered_p90": 0.055003584525266304,
        "distance_sprinted_p90": 0.06602860746212354,
        "xt_bonus_p90": 0.05361830078324033
    },
    "ST": {
        "goals_p90": 0.1611870906822311,
        "assists_p90": 0.16814965365427254,
        "non_goal_shots_p90": 0.13141597202335717,
        "shot_accuracy": 0.05428939461271102,
        "passes_p90": 0.05903017165350019,
        "pass_accuracy": 0.014822938774024467,
        "dribbles_p90": 0.08338030930543976,
        "dribble_success_rate": 0.054598216942306654,
        "tackles_p90": 0.030526371571063842,
        "tackle_success_rate": 0.005993449094258496,
        "offsides_p90": 0.04900555504549318,
        "fouls_committed_p90": 0.0021017612680194263,
        "possession_won_p90": 0.025208234151099605,
        "possession_lost_p90": 0.03495839362641811,
        "distance_covered_p90": 0.04444745553097592,
        "distance_sprinted_p90": 0.03784237111219182,
        "xt_bonus_p90": 0.043042660952636695
    },
    "CDM": {
        "goals_p90": 3.121014097329681e-33,
        "assists_p90": 0.038427333531574,
        "non_goal_shots_p90": 0.039529016685906956,
        "shot_accuracy": 0.006959714331113167,
        "passes_p90": 0.14588772725951102,
        "pass_accuracy": 0.13333384882798963,
        "dribbles_p90": 0.03225086763482536,
        "dribble_success_rate": 0.012323141834588946,
        "tackles_p90": 0.13203974688423606,
        "tackle_success_rate": 0.06811243577097156,
        "offsides_p90": 2.400475887074504e-17,
        "fouls_committed_p90": 0.06399406091428037,
        "possession_won_p90": 0.12888886366821647,
        "possession_lost_p90": 0.10308871163482076,
        "distance_covered_p90": 0.03102389723554852,
        "distance_sprinted_p90": 0.032119465372283565,
        "xt_bonus_p90": 0.03202116841413351
    },
    "RWB": {
        "goals_p90": 0.0,
        "assists_p90": 0.16356532178041452,
        "non_goal_shots_p90": 0.006154496611858606,
        "shot_accuracy": 9.763027075442883e-05,
        "passes_p90": 0.10308929412376014,
        "pass_accuracy": 0.033612290136068645,
        "dribbles_p90": 0.13946969420096203,
        "dribble_success_rate": 0.03835995759961553,
        "tackles_p90": 0.07320470912525638,
        "tackle_success_rate": 0.047635928130416165,
        "offsides_p90": 0.0002098089314374702,
        "fouls_committed_p90": 0.024804196920219287,
        "possession_won_p90": 0.04980567399392468,
        "possession_lost_p90": 0.037788856356956356,
        "distance_covered_p90": 0.08324384348630849,
        "distance_sprinted_p90": 0.08410432883503717,
        "xt_bonus_p90": 0.11485396949701013
    },
    "LWB": {
        "goals_p90": 0.0,
        "assists_p90": 0.16356532178041452,
        "non_goal_shots_p90": 0.006154496611858606,
        "shot_accuracy": 9.763027075442883e-05,
        "passes_p90": 0.10308929412376014,
        "pass_accuracy": 0.033612290136068645,
        "dribbles_p90": 0.13946969420096203,
        "dribble_success_rate": 0.03835995759961553,
        "tackles_p90": 0.07320470912525638,
        "tackle_success_rate": 0.047635928130416165,
        "offsides_p90": 0.0002098089314374702,
        "fouls_committed_p90": 0.024804196920219287,
        "possession_won_p90": 0.04980567399392468,
        "possession_lost_p90": 0.037788856356956356,
        "distance_covered_p90": 0.08324384348630849,
        "distance_sprinted_p90": 0.08410432883503717,
        "xt_bonus_p90": 0.11485396949701013
    },
    "RW": {
        "goals_p90": 0.10002692980063528,
        "assists_p90": 0.0959703961597024,
        "non_goal_shots_p90": 0.09376973012056614,
        "shot_accuracy": 0.03627516169412603,
        "passes_p90": 0.09223856426601601,
        "pass_accuracy": 0.023054153129432695,
        "dribbles_p90": 0.1201411907390073,
        "dribble_success_rate": 0.0696855921644435,
        "tackles_p90": 0.02629144948289488,
        "tackle_success_rate": 0.008382797240081494,
        "offsides_p90": 0.042980885422947875,
        "fouls_committed_p90": 0.029250549635819932,
        "possession_won_p90": 0.025311263094105058,
        "possession_lost_p90": 0.01734632117772888,
        "distance_covered_p90": 0.07652735754484703,
        "distance_sprinted_p90": 0.07542148277578815,
        "xt_bonus_p90": 0.06732617555185724
    },
    "LW": {
        "goals_p90": 0.10002692980063528,
        "assists_p90": 0.0959703961597024,
        "non_goal_shots_p90": 0.09376973012056614,
        "shot_accuracy": 0.03627516169412603,
        "passes_p90": 0.09223856426601601,
        "pass_accuracy": 0.023054153129432695,
        "dribbles_p90": 0.1201411907390073,
        "dribble_success_rate": 0.0696855921644435,
        "tackles_p90": 0.02629144948289488,
        "tackle_success_rate": 0.008382797240081494,
        "offsides_p90": 0.042980885422947875,
        "fouls_committed_p90": 0.029250549635819932,
        "possession_won_p90": 0.025311263094105058,
        "possession_lost_p90": 0.01734632117772888,
        "distance_covered_p90": 0.07652735754484703,
        "distance_sprinted_p90": 0.07542148277578815,
        "xt_bonus_p90": 0.06732617555185724
    },
    "RB": {
        "goals_p90": 0.0,
        "assists_p90": 0.027803774185118972,
        "non_goal_shots_p90": 0.005579609244194902,
        "shot_accuracy": 8.851069316782933e-05,
        "passes_p90": 0.11682474106861893,
        "pass_accuracy": 0.0507876480643457,
        "dribbles_p90": 0.10536827029705116,
        "dribble_success_rate": 0.028980649911770087,
        "tackles_p90": 0.12443757513211848,
        "tackle_success_rate": 0.0809742905415321,
        "offsides_p90": 0.00047552705249180247,
        "fouls_committed_p90": 0.048186972118269285,
        "possession_won_p90": 0.11288339914527042,
        "possession_lost_p90": 0.08564756208109803,
        "distance_covered_p90": 0.06658949324527076,
        "distance_sprinted_p90": 0.06727782382825552,
        "xt_bonus_p90": 0.07809415339142603
    },
    "LB": {
        "goals_p90": 0.0,
        "assists_p90": 0.027803774185118972,
        "non_goal_shots_p90": 0.005579609244194902,
        "shot_accuracy": 8.851069316782933e-05,
        "passes_p90": 0.11682474106861893,
        "pass_accuracy": 0.0507876480643457,
        "dribbles_p90": 0.10536827029705116,
        "dribble_success_rate": 0.028980649911770087,
        "tackles_p90": 0.12443757513211848,