{
    "goals_p90": {
        "mean": 0.016900566572539872,
        "std": 0.13017981186833777
    },
    "assists_p90": {
        "mean": 0.017500773275595422,
        "std": 0.16164454461030633
    },
    "shots_p90": {
        "mean": 0.1280603943471082,
        "std": 0.35676782076280816
    },
    "shot_accuracy": {
        "mean": 47.166666666666664,
        "std": 4.455518085940334
    },
    "passes_p90": {
        "mean": 17.047092838574304,
        "std": 6.97157466108736
    },
    "pass_accuracy": {
        "mean": 92.03333333333335,
        "std": 6.941521607127807
    },
    "dribbles_p90": {
        "mean": 11.257326552089944,
        "std": 4.903781014924987
    },
    "dribble_success_rate": {
        "mean": 93.56060606060603,
        "std": 11.259133115493247
    },
    "tackles_p90": {
        "mean": 7.073232835967786,
        "std": 2.416603425442978
    },
    "tackle_success_rate": {
        "mean": 48.59047619047619,
        "std": 22.449504023034248
    },
    "offsides_p90": {
        "mean": 0.0,
        "std": 0.0
    },
    "fouls_committed_p90": {
        "mean": 0.4130913020422942,
        "std": 0.49808500389332117
    },
    "possession_won_p90": {
        "mean": 5.950286620886245,
        "std": 2.204859497698572
    },
    "possession_lost_p90": {
        "mean": 1.2369856803663921,
        "std": 1.2064739479128934
    },
    "distance_covered_p90": {
        "mean": 9.942090988914222,
        "std": 1.2747647736539196
    },
    "distance_sprinted_p90": {
        "mean": 2.8791759975612288,
        "std": 0.54190394577907
    },
    "xT_bonus_p90": {
        "mean": 0.5261844797218229,
        "std": 0.06519736759385682
    }
}