{
    "goals_p90": 3.9842881351820295e-33,
    "assists_p90": 1.356237999776288e-16,
    "shots_p90": 0.03680526550636333,
    "shot_accuracy": 4.343984591975553e-17,
    "passes_p90": 0.0775043935743397,
    "pass_accuracy": 0.09707458770513665,
    "dribbles_p90": 0.027562906429927345,
    "dribble_success_rate": 0.017059211024362725,
    "tackles_p90": 0.16251336982592454,
    "tackle_success_rate": 0.14948217653862378,
    "offsides_p90": 2.6080924158256035e-17,
    "fouls_committed_p90": 0.0548584873580887,
    "possession_won_p90": 0.1358973453861986,
    "possession_lost_p90": 0.11209736927120362,
    "distance_covered_p90": 0.021198059031931855,
    "distance_sprinted_p90": 0.048472279618990304,
    "xT_bonus_p90": 0.05947454872890852
}