{
    "goals_p90": {
        "mean": 0.22972911593822198,
        "std": 0.5352540850558688
    },
    "assists_p90": {
        "mean": 0.25937653690032325,
        "std": 0.5024878769342338
    },
    "shots_p90": {
        "mean": 1.1539609957960357,
        "std": 1.3198944109861834
    },
    "shot_accuracy": {
        "mean": 53.63218390804597,
        "std": 18.487327921224637
    },
    "passes_p90": {
        "mean": 33.460111104817614,
        "std": 5.717861993199126
    },
    "pass_accuracy": {
        "mean": 88.54811715481172,
        "std": 7.718375490136754
    },
    "dribbles_p90": {
        "mean": 27.998718147396588,
        "std": 7.490383050013474
    },
    "dribble_success_rate": {
        "mean": 90.80737704918033,
        "std": 8.657751082646383
    },
    "tackles_p90": {
        "mean": 5.291462202807667,
        "std": 2.1027895251811137
    },
    "tackle_success_rate": {
        "mean": 31.258241758241756,
        "std": 22.621598445400615
    },
    "offsides_p90": {
        "mean": 0.037398649794254474,
        "std": 0.2002021398037195
    },
    "fouls_committed_p90": {
        "mean": 0.204459044809102,
        "std": 0.3814515157110789
    },
    "possession_won_p90": {
        "mean": 2.8893101307209297,
        "std": 1.5751427085056278
    },
    "possession_lost_p90": {
        "mean": 5.214086076271903,
        "std": 2.030263563853694
    },
    "distance_covered_p90": {
        "mean": 11.976369676713555,
        "std": 0.8870340725802958
    },
    "distance_sprinted_p90": {
        "mean": 4.508911381151888,
        "std": 1.1121184375101971
    },
    "xT_bonus_p90": {
        "mean": 0.7434602479166588,
        "std": 0.14588238258162917
    }
}