{
    "goals_p90": {
        "mean": 0.23396963589232397,
        "std": 0.5431958696563375
    },
    "assists_p90": {
        "mean": 0.2660360251667936,
        "std": 0.5101160546585429
    },
    "shots_p90": {
        "mean": 1.1602815537657927,
        "std": 1.34660882288969
    },
    "shot_accuracy": {
        "mean": 53.67441860465115,
        "std": 18.936854537037416
    },
    "passes_p90": {
        "mean": 33.213902785118854,
        "std": 5.700987421068835
    },
    "pass_accuracy": {
        "mean": 88.61842105263159,
        "std": 7.754940714135006
    },
    "dribbles_p90": {
        "mean": 27.744174669631,
        "std": 7.580151038922395
    },
    "dribble_success_rate": {
        "mean": 90.67811158798283,
        "std": 8.803024725472413
    },
    "tackles_p90": {
        "mean": 5.287976347493631,
        "std": 2.115251460537313
    },
    "tackle_success_rate": {
        "mean": 31.49425287356322,
        "std": 22.87157689900756
    },
    "offsides_p90": {
        "mean": 0.03242211809955138,
        "std": 0.19239011081127813
    },
    "fouls_committed_p90": {
        "mean": 0.2143662357404733,
        "std": 0.3896517047033372
    },
    "possession_won_p90": {
        "mean": 2.923369007775101,
        "std": 1.6011391258321759
    },
    "possession_lost_p90": {
        "mean": 5.159845006146436,
        "std": 2.0302906432755563
    },
    "distance_covered_p90": {
        "mean": 11.986880265745159,
        "std": 0.8990800658712673
    },
    "distance_sprinted_p90": {
        "mean": 4.528706274033079,
        "std": 1.1147325498368916
    },
    "xT_bonus_p90": {
        "mean": 0.7454706145565365,
        "std": 0.14567972258007894
    }
}