{
    "goals_p90": 0.06772723250881572,
    "assists_p90": 0.052141810384471264,
    "shots_p90": 0.07216503977505773,
    "shot_accuracy": 0.06585550387761664,
    "passes_p90": 0.05263345844484976,
    "pass_accuracy": 0.06427009647778967,
    "dribbles_p90": 0.06736960816037238,
    "dribble_success_rate": 0.06423755854933369,
    "tackles_p90": 0.0690703672705306,
    "tackle_success_rate": 0.060056725670587605,
    "offsides_p90": 0.000764862520020491,
    "fouls_committed_p90": 0.05844529063122556,
    "possession_won_p90": 0.05634470610256314,
    "possession_lost_p90": 0.06886175018172462,
    "distance_covered_p90": 0.04990841913150201,
    "distance_sprinted_p90": 0.06618148453118748,
    "xT_bonus_p90": 0.06396608578235168
}