{
    "goals_p90": 0.043353481991705044,
    "assists_p90": 0.042078854710038964,
    "shots_p90": 0.043378326827121484,
    "shot_accuracy": 0.03298967134683901,
    "passes_p90": 0.09809001226298925,
    "pass_accuracy": 0.08553418285917237,
    "dribbles_p90": 0.06856689050185273,
    "dribble_success_rate": 0.08070015451592089,
    "tackles_p90": 0.0582084976015646,
    "tackle_success_rate": 0.060577757278651875,
    "offsides_p90": 0.0006481413047692399,
    "fouls_committed_p90": 0.05671128713537439,
    "possession_won_p90": 0.060331242268932946,
    "possession_lost_p90": 0.08945760144518972,
    "distance_covered_p90": 0.05144262118842378,
    "distance_sprinted_p90": 0.06428983150249921,
    "xT_bonus_p90": 0.0636414452589546
}