{
    "goals_p90": 0.041639442976118206,
    "assists_p90": 0.04352133049628356,
    "shots_p90": 0.04488329453305233,
    "shot_accuracy": 0.031246067678853236,
    "passes_p90": 0.09628215062410046,
    "pass_accuracy": 0.08579033197578448,
    "dribbles_p90": 0.06842926025142336,
    "dribble_success_rate": 0.08297639922457703,
    "tackles_p90": 0.05747948867996037,
    "tackle_success_rate": 0.06087214876002798,
    "offsides_p90": 0.0007405252036057088,
    "fouls_committed_p90": 0.05870903174435191,
    "possession_won_p90": 0.058744353963322345,
    "possession_lost_p90": 0.0898315958862138,
    "distance_covered_p90": 0.051983430776758176,
    "distance_sprinted_p90": 0.06331857929963738,
    "xT_bonus_p90": 0.06355256792592978
}