{
    "CB": {
        "goals_p90": {
            "mean": 0.016900566572539872,
            "std": 0.13017981186833777
        },
        "assists_p90": {
            "mean": 0.017500773275595422,
            "std": 0.16164454461030633
        },
        "shots_p90": {
            "mean": 0.1280603943471082,
            "std": 0.35676782076280816
        },
        "shot_accuracy": {
            "mean": 47.166666666666664,
            "std": 4.455518085940334
        },
        "passes_p90": {
            "mean": 17.047092838574304,
            "std": 6.97157466108736
        },
        "pass_accuracy": {
            "mean": 92.03333333333335,
            "std": 6.941521607127807
        },
        "dribbles_p90": {
            "mean": 11.257326552089944,
            "std": 4.903781014924987
        },
        "dribble_success_rate": {
            "mean": 93.56060606060603,
            "std": 11.259133115493247
        },
        "tackles_p90": {
            "mean": 7.073232835967786,
            "std": 2.416603425442978
        },
        "tackle_success_rate": {
            "mean": 48.59047619047619,
            "std": 22.449504023034248
        },
        "offsides_p90": {
            "mean": 0.0,
            "std": 0.0
        },
        "fouls_committed_p90": {
            "mean": 0.4130913020422942,
            "std": 0.49808500389332117
        },
        "possession_won_p90": {
            "mean": 5.950286620886245,
            "std": 2.204859497698572
        },
        "possession_lost_p90": {
            "mean": 1.2369856803663921,
            "std": 1.2064739479128934
        },
        "distance_covered_p90": {
            "mean": 9.942090988914222,
            "std": 1.2747647736539196
        },
        "distance_sprinted_p90": {
            "mean": 2.8791759975612288,
            "std": 0.54190394577907
        },
        "xT_bonus_p90": {
            "mean": 0.5261844797218229,
            "std": 0.06519736759385682
        }
    },
    "CM": {
        "goals_p90": {
            "mean": 0.22972911593822198,
            "std": 0.5352540850558688
        },
        "assists_p90": {
            "mean": 0.25937653690032325,
            "std": 0.5024878769342338
        },
        "shots_p90": {
            "mean": 1.1539609957960357,
            "std": 1.3198944109861834
        },
        "shot_accuracy": {
            "mean": 53.63218390804597,
            "std": 18.487327921224637
        },
        "passes_p90": {
            "mean": 33.460111104817614,
            "std": 5.717861993199126
        },
        "pass_accuracy": {
            "mean": 88.54811715481172,
            "std": 7.718375490136754
        },
        "dribbles_p90": {
            "mean": 27.998718147396588,
            "std": 7.490383050013474
        },
        "dribble_success_rate": {
            "mean": 90.80737704918033,
            "std": 8.657751082646383
        },
        "tackles_p90": {
            "mean": 5.291462202807667,
            "std": 2.1027895251811137
        },
        "tackle_success_rate": {
            "mean": 31.258241758241756,
            "std": 22.621598445400615
        },
        "offsides_p90": {
            "mean": 0.037398649794254474,
            "std": 0.2002021398037195
        },
        "fouls_committed_p90": {
            "mean": 0.204459044809102,
            "std": 0.3814515157110789
        },
        "possession_won_p90": {
            "mean": 2.8893101307209297,
            "std": 1.5751427085056278
        },
        "possession_lost_p90": {
            "mean": 5.214086076271903,
            "std": 2.030263563853694
        },
        "distance_covered_p90": {
            "mean": 11.976369676713555,
            "std": 0.8870340725802958
        },
        "distance_sprinted_p90": {
            "mean": 4.508911381151888,
            "std": 1.1121184375101971
        },
        "xT_bonus_p90": {
            "mean": 0.7434602479166588,
            "std": 0.14588238258162917
        }
    },
    "ST": {
        "goals_p90": {
            "mean": 0.535409787406628,
            "std": 0.8358991643214853
        },
        "assists_p90": {
            "mean": 0.1811884711333805,
            "std": 0.4475583403740188
        },
        "shots_p90": {
            "mean": 2.3773366791170742,
            "std": 1.7822385184373368
        },
        "shot_accuracy": {
            "mean": 61.94897959183674,
            "std": 22.973559749680334
        },
        "passes_p90": {
            "mean": 12.638518840842558,
            "std": 3.5279817667350324
        },
        "pass_accuracy": {
            "mean": 85.3809523809524,
            "std": 9.675693650537289
        },
        "dribbles_p90": {
            "mean": 12.78177353938374,
            "std": 3.860257367561578
        },
        "dribble_success_rate": {
            "mean": 80.45238095238095,
            "std": 14.891611683164703
        },
        "tackles_p90": {
            "mean": 1.6774371159037567,
            "std": 1.0782934355144815
        },
        "tackle_success_rate": {
            "mean": 20.911111111111108,
            "std": 16.472263928410175
        },
        "offsides_p90": {
            "mean": 0.3132593433218544,
            "std": 0.4332577498445053
        },
        "fouls_committed_p90": {
            "mean": 0.057673298568486686,
            "std": 0.17865560123488403
        },
        "possession_won_p90": {
            "mean": 0.9423949030434252,
            "std": 0.8034164973170125
        },
        "possession_lost_p90": {
            "mean": 5.207894689081393,
            "std": 1.9269888149917218
        },
        "distance_covered_p90": {
            "mean": 10.325984018934582,
            "std": 0.4953502252342932
        },
        "distance_sprinted_p90": {
            "mean": 2.3809136554083836,
            "std": 0.476983118189165
        },
        "xT_bonus_p90": {
            "mean": 0.3986691046626349,
            "std": 0.06766242592154892
        }
    }
}