{
    "CB": {
        "goals_p90": 3.9842881351820295e-33,
        "assists_p90": 1.356237999776288e-16,
        "shots_p90": 0.03680526550636333,
        "shot_accuracy": 4.343984591975553e-17,
        "passes_p90": 0.0775043935743397,
        "pass_accuracy": 0.09707458770513665,
        "dribbles_p90": 0.027562906429927345,
        "dribble_success_rate": 0.017059211024362725,
        "tackles_p90": 0.16251336982592454,
        "tackle_success_rate": 0.14948217653862378,
        "offsides_p90": 2.6080924158256035e-17,
        "fouls_committed_p90": 0.0548584873580887,
        "possession_won_p90": 0.1358973453861986,
        "possession_lost_p90": 0.11209736927120362,
        "distance_covered_p90": 0.021198059031931855,
        "distance_sprinted_p90": 0.048472279618990304,
        "xT_bonus_p90": 0.05947454872890852
    },
    "CM": {
        "goals_p90": 0.041639442976118206,
        "assists_p90": 0.04352133049628356,
        "shots_p90": 0.04488329453305233,
        "shot_accuracy": 0.031246067678853236,
        "passes_p90": 0.09628215062410046,
        "pass_accuracy": 0.08579033197578448,
        "dribbles_p90": 0.06842926025142336,
        "dribble_success_rate": 0.08297639922457703,
        "tackles_p90": 0.05747948867996037,
        "tackle_success_rate": 0.06087214876002798,
        "offsides_p90": 0.0007405252036057088,
        "fouls_committed_p90": 0.05870903174435191,
        "possession_won_p90": 0.058744353963322345,
        "possession_lost_p90": 0.0898315958862138,
        "distance_covered_p90": 0.051983430776758176,
        "distance_sprinted_p90": 0.06331857929963738,
        "xT_bonus_p90": 0.06355256792592978
    },
    "ST": {
        "goals_p90": 0.12172506408952842,
        "assists_p90": 0.11327467380468534,
        "shots_p90": 0.1285668377792365,
        "shot_accuracy": 0.13250015985774724,
        "passes_p90": 0.05544242018318884,
        "pass_accuracy": 0.04958057356476981,
        "dribbles_p90": 0.0967094200839185,
        "dribble_success_rate": 0.08903902699928741,
        "tackles_p90": 0.009229092446587555,
        "tackle_success_rate": 0.005037514868177806,
        "offsides_p90": 0.04009815505433706,
        "fouls_committed_p90": 0.0019201981460956542,
        "possession_won_p90": 0.005893564273413987,
        "possession_lost_p90": 0.029368303850688348,
        "distance_covered_p90": 0.03809201372264442,
        "distance_sprinted_p90": 0.03877330945286753,
        "xT_bonus_p90": 0.04474967182282553
    },
    "CDM": {
        "goals_p90": 2.554984827087436e-33,
        "assists_p90": 0.034080907566795,
        "shots_p90": 0.034210690558256124,
        "shot_accuracy": 0.0014667760667130569,
        "passes_p90": 0.1501508105789021,
        "pass_accuracy": 0.1548651672029304,
        "dribbles_p90": 0.0381707590296319,
        "dribble_success_rate": 0.01972355538785344,
        "tackles_p90": 0.13272797528429936,
        "tackle_success_rate": 0.10753927589490497,
        "offsides_p90": 6.229988297379453e-18,
        "fouls_committed_p90": 0.042674187510801716,
        "possession_won_p90": 0.1230975396827377,
        "possession_lost_p90": 0.12185525776060459,
        "distance_covered_p90": 0.011439830896870286,
        "distance_sprinted_p90": 0.01383341326725309,
        "xT_bonus_p90": 0.014163853311446303
    },
    "RWB": {
        "goals_p90": "goals_p90",
        "assists_p90": "assists_p90",
        "shots_p90": "shots_p90",
        "shot_accuracy": "shot_accuracy",
        "passes_p90": "passes_p90",
        "pass_accuracy": "pass_accuracy",
        "dribbles_p90": "dribbles_p90",
        "dribble_success_rate": "dribble_success_rate",
        "tackles_p90": "tackles_p90",
        "tackle_success_rate": "tackle_success_rate",
        "offsides_p90": "offsides_p90",
        "fouls_committed_p90": "fouls_committed_p90",
        "possession_won_p90": "possession_won_p90",
        "possession_lost_p90": "possession_lost_p90",
        "distance_covered_p90": "distance_covered_p90",
        "distance_sprinted_p90": "distance_sprinted_p90",
        "xT_bonus_p90": "xT_bonus_p90"
    },
    "LWB": {
        "goals_p90": "goals_p90",
        "assists_p90": "assists_p90",
        "shots_p90": "shots_p90",
        "shot_accuracy": "shot_accuracy",
        "passes_p90": "passes_p90",
        "pass_accuracy": "pass_accuracy",
        "dribbles_p90": "dribbles_p90",
        "dribble_success_rate": "dribble_success_rate",
        "tackles_p90": "tackles_p90",
        "tackle_success_rate": "tackle_success_rate",
        "offsides_p90": "offsides_p90",
        "fouls_committed_p90": "fouls_committed_p90",
        "possession_won_p90": "possession_won_p90",
        "possession_lost_p90": "possession_lost_p90",
        "distance_covered_p90": "distance_covered_p90",
        "distance_sprinted_p90": "distance_sprinted_p90",
        "xT_bonus_p90": "xT_bonus_p90"
    },
    "RW": {
        "goals_p90": 0.06839198654570264,
        "assists_p90": 0.0672216794341823,
        "shots_p90": 0.0725899325957696,
        "shot_accuracy": 0.07259917041620517,
        "passes_p90": 0.08906016861304598,
        "pass_accuracy": 0.06312563369936117,
        "dribbles_p90": 0.11584414095297485,
        "dribble_success_rate": 0.10625649245124423,
        "tackles_p90": 0.007477833943549731,
        "tackle_success_rate": 0.006759406894474687,
        "offsides_p90": 0.044409496825058854,
        "fouls_committed_p90": 0.035515922250711165,
        "possession_won_p90": 0.009348518396326765,
        "possession_lost_p90": 0.026219051057286467,
        "distance_covered_p90": 0.07283166876033716,
        "distance_sprinted_p90": 0.07266899398694196,
        "xT_bonus_p90": 0.06967990317682729
    },
    "LW": {
        "goals_p90": 0.06839198654570264,
        "assists_p90": 0.0672216794341823,
        "shots_p90": 0.0725899325957696,
        "shot_accuracy": 0.07259917041620517,
        "passes_p90": 0.08906016861304598,
        "pass_accuracy": 0.06312563369936117,
        "dribbles_p90": 0.11584414095297485,
        "dribble_success_rate": 0.10625649245124423,
        "tackles_p90": 0.007477833943549731,
        "tackle_success_rate": 0.006759406894474687,
        "offsides_p90": 0.044409496825058854,
        "fouls_committed_p90": 0.035515922250711165,
        "possession_won_p90": 0.009348518396326765,
        "possession_lost_p90": 0.026219051057286467,
        "distance_covered_p90": 0.07283166876033716,
        "distance_sprinted_p90": 0.07266899398694196,
        "xT_bonus_p90": 0.06967990317682729
    },
    "RB": {
        "goals_p90": 0.0,
        "assists_p90": 0.00813881176096348,
        "shots_p90": 0.007344172396659506,
        "shot_accuracy": 5.063394063112188e-17,
        "passes_p90": 0.10213789570130244,
        "pass_accuracy": 0.08383494342301014,
        "dribbles_p90": 0.08615892167182432,
        "dribble_success_rate": 0.05793957779924427,
        "tackles_p90": 0.11072029351250873,
        "tackle_success_rate": 0.0840209074111282,
        "offsides_p90": 0.0003768765271344416,
        "fouls_committed_p90": 0.058652188510222046,
        "possession_won_p90": 0.11753755739125292,
        "possession_lost_p90": 0.07551298951524085,
        "distance_covered_p90": 0.07048234059768162,
        "distance_sprinted_p90": 0.06916553847840828,
        "xT_bonus_p90": 0.0679769853034186
    },
    "LB": {
        "goals_p90": 0.0,
        "assists_p90": 0.00813881176096348,
        "shots_p90": 0.007344172396659506,
        "shot_accuracy": 5.063394063112188e-17,
        "passes_p90": 0.10213789570130244,
        "pass_accuracy": 0.08383494342301014,
        "dribbles_p90": 0.08615892167182432,
        "dribble_success_rate": 0.05793957779924427,
        "tackles_p90": 0.11072029351250873,
        "tackle_success_rate": 0.0840209074111282,
        "offsides_p90": 0.0003768765271344416,
        "fouls_committed_p90": 0.058652188510222046,
        "possession_won_p90": 0.11753755739125292,