{
    "CB": {
        "goals_p90": 3.9842881351820295e-33,
        "assists_p90": 1.356237999776288e-16,
        "shots_p90": 0.03680526550636333,
        "shot_accuracy": 4.343984591975553e-17,
        "passes_p90": 0.0775043935743397,
        "pass_accuracy": 0.09707458770513665,
        "dribbles_p90": 0.027562906429927345,
        "dribble_success_rate": 0.017059211024362725,
        "tackles_p90": 0.16251336982592454,
        "tackle_success_rate": 0.14948217653862378,
        "offsides_p90": 2.6080924158256035e-17,
        "fouls_committed_p90": 0.0548584873580887,
        "possession_won_p90": 0.1358973453861986,
        "possession_lost_p90": 0.11209736927120362,
        "distance_covered_p90": 0.021198059031931855,
        "distance_sprinted_p90": 0.048472279618990304,
        "xT_bonus_p90": 0.05947454872890852
    },
    "CM": {
        "goals_p90": 0.041639442976118206,
        "assists_p90": 0.04352133049628356,
        "shots_p90": 0.04488329453305233,
        "shot_accuracy": 0.031246067678853236,
        "passes_p90": 0.09628215062410046,
        "pass_accuracy": 0.08579033197578448,
        "dribbles_p90": 0.06842926025142336,
        "dribble_success_rate": 0.08297639922457703,
        "tackles_p90": 0.05747948867996037,
        "tackle_success_rate": 0.06087214876002798,
        "offsides_p90": 0.0007405252036057088,
        "fouls_committed_p90": 0.05870903174435191,
        "possession_won_p90": 0.058744353963322345,
        "possession_lost_p90": 0.0898315958862138,
        "distance_covered_p90": 0.051983430776758176,
        "distance_sprinted_p90": 0.06331857929963738,
        "xT_bonus_p90": 0.06355256792592978
    },
    "ST": {
        "goals_p90": 0.12172506408952842,
        "assists_p90": 0.11327467380468534,
        "shots_p90": 0.1285668377792365,
        "shot_accuracy": 0.13250015985774724,
        "passes_p90": 0.05544242018318884,
        "pass_accuracy": 0.04958057356476981,
        "dribbles_p90": 0.0967094200839185,
        "dribble_success_rate": 0.08903902699928741,
        "tackles_p90": 0.009229092446587555,
        "tackle_success_rate": 0.005037514868177806,
        "offsides_p90": 0.04009815505433706,
        "fouls_committed_p90": 0.0019201981460956542,
        "possession_won_p90": 0.005893564273413987,
        "possession_lost_p90": 0.029368303850688348,
        "distance_covered_p90": 0.03809201372264442,
        "distance_sprinted_p90": 0.03877330945286753,
        "xT_bonus_p90": 0.04474967182282553
    }
}