{
    "goals_p90": {
        "mean": 0.535409787406628,
        "std": 0.8358991643214853
    },
    "assists_p90": {
        "mean": 0.1811884711333805,
        "std": 0.4475583403740188
    },
    "shots_p90": {
        "mean": 2.3773366791170742,
        "std": 1.7822385184373368
    },
    "shot_accuracy": {
        "mean": 61.94897959183674,
        "std": 22.973559749680334
    },
    "passes_p90": {
        "mean": 12.638518840842558,
        "std": 3.5279817667350324
    },
    "pass_accuracy": {
        "mean": 85.3809523809524,
        "std": 9.675693650537289
    },
    "dribbles_p90": {
        "mean": 12.78177353938374,
        "std": 3.860257367561578
    },
    "dribble_success_rate": {
        "mean": 80.45238095238095,
        "std": 14.891611683164703
    },
    "tackles_p90": {
        "mean": 1.6774371159037567,
        "std": 1.0782934355144815
    },
    "tackle_success_rate": {
        "mean": 20.911111111111108,
        "std": 16.472263928410175
    },
    "offsides_p90": {
        "mean": 0.3132593433218544,
        "std": 0.4332577498445053
    },
    "fouls_committed_p90": {
        "mean": 0.057673298568486686,
        "std": 0.17865560123488403
    },
    "possession_won_p90": {
        "mean": 0.9423949030434252,
        "std": 0.8034164973170125
    },
    "possession_lost_p90": {
        "mean": 5.207894689081393,
        "std": 1.9269888149917218
    },
    "distance_covered_p90": {
        "mean": 10.325984018934582,
        "std": 0.4953502252342932
    },
    "distance_sprinted_p90": {
        "mean": 2.3809136554083836,
        "std": 0.476983118189165
    },
    "xT_bonus_p90": {
        "mean": 0.3986691046626349,
        "std": 0.06766242592154892
    }
}