{
    "goals_p90": 0.12172506408952842,
    "assists_p90": 0.11327467380468534,
    "shots_p90": 0.1285668377792365,
    "shot_accuracy": 0.13250015985774724,
    "passes_p90": 0.05544242018318884,
    "pass_accuracy": 0.04958057356476981,
    "dribbles_p90": 0.0967094200839185,
    "dribble_success_rate": 0.08903902699928741,
    "tackles_p90": 0.009229092446587555,
    "tackle_success_rate": 0.005037514868177806,
    "offsides_p90": 0.04009815505433706,
    "fouls_committed_p90": 0.0019201981460956542,
    "possession_won_p90": 0.005893564273413987,
    "possession_lost_p90": 0.029368303850688348,
    "distance_covered_p90": 0.03809201372264442,
    "distance_sprinted_p90": 0.03877330945286753,
    "xT_bonus_p90": 0.04474967182282553
}