{
    "match_overview": {
        "home_team": {
            "score": {
                "x1": 0.447266,
                "y1": 0.048611,
                "x2": 0.484375,
                "y2": 0.09375
            },
            "possession": {
                "x1": 0.345703,
                "y1": 0.239583,
                "x2": 0.375,
                "y2": 0.260417
            },
            "ball_recovery": {
                "x1": 0.345703,
                "y1": 0.284722,
                "x2": 0.375,
                "y2": 0.305556
            },
            "shots": {
                "x1": 0.345703,
                "y1": 0.329861,
                "x2": 0.375,
                "y2": 0.350694
            },
            "xG": {
                "x1": 0.345703,
                "y1": 0.375,
                "x2": 0.375,
                "y2": 0.395833
            },
            "passes": {
                "x1": 0.345703,
                "y1": 0.420139,
                "x2": 0.375,
                "y2": 0.440972
            },
            "tackles": {
                "x1": 0.345703,
                "y1": 0.465972,
                "x2": 0.375,
                "y2": 0.486806
            },
            "tackles_won": {
                "x1": 0.345703,
                "y1": 0.511111,
                "x2": 0.375,
                "y2": 0.531944
            },
            "interceptions": {
                "x1": 0.345703,
                "y1": 0.55625,
                "x2": 0.375,
                "y2": 0.577083
            },
            "saves": {
                "x1": 0.345703,
                "y1": 0.602083,
                "x2": 0.375,
                "y2": 0.622917
            },
            "fouls_committed": {
                "x1": 0.345703,
                "y1": 0.647917,
                "x2": 0.375,
                "y2": 0.66875
            },
            "offsides": {
                "x1": 0.345703,
                "y1": 0.69375,
                "x2": 0.375,
                "y2": 0.714583
            },
            "corners": {
                "x1": 0.345703,
                "y1": 0.738889,
                "x2": 0.375,
                "y2": 0.759722
            },
            "free_kicks": {
                "x1": 0.345703,
                "y1": 0.784722,
                "x2": 0.375,
                "y2": 0.805556
            },
            "penalty_kicks": {
                "x1": 0.345703,
                "y1": 0.830556,
                "x2": 0.375,
                "y2": 0.851389
            },
            "yellow_cards": {
                "x1": 0.345703,
                "y1": 0.876389,
                "x2": 0.375,
                "y2": 0.897222
            }
        },
        "away_team": {
            "score": {
                "x1": 0.517578,
                "y1": 0.048611,
                "x2": 0.554688,
                "y2": 0.09375
            },
            "possession": {
                "x1": 0.625,
                "y1": 0.239583,
                "x2": 0.654297,
                "y2": 0.260417
            },
            "ball_recovery": {
                "x1": 0.625,
                "y1": 0.284722,
                "x2": 0.654297,
                "y2": 0.305556
            },
            "shots": {
                "x1": 0.625,
                "y1": 0.329861,
                "x2": 0.654297,
                "y2": 0.350694
            },
            "xG": {
                "x1": 0.625,
                "y1": 0.375,
                "x2": 0.654297,
                "y2": 0.395833
            },
            "passes": {
                "x1": 0.625,
                "y1": 0.420139,
                "x2": 0.654297,
                "y2": 0.440972
            },
            "tackles": {
                "x1": 0.625,
                "y1": 0.465972,
                "x2": 0.654297,
                "y2": 0.486806
            },
            "tackles_won": {
                "x1": 0.625,
                "y1": 0.511111,
                "x2": 0.654297,
                "y2": 0.531944
            },
            "interceptions": {
                "x1": 0.625,
                "y1": 0.55625,
                "x2": 0.654297,
                "y2": 0.577083
            },
            "saves": {
                "x1": 0.625,
                "y1": 0.602083,
                "x2": 0.654297,
                "y2": 0.622917
            },
            "fouls_committed": {
                "x1": 0.625,
                "y1": 0.647917,
                "x2": 0.654297,
                "y2": 0.66875
            },
            "offsides": {
                "x1": 0.625,
                "y1": 0.69375,
                "x2": 0.654297,
                "y2": 0.714583
            },
            "corners": {
                "x1": 0.625,
                "y1": 0.738889,
                "x2": 0.654297,
                "y2": 0.759722
            },
            "free_kicks": {
                "x1": 0.625,
                "y1": 0.784722,
                "x2": 0.654297,
                "y2": 0.805556
            },
            "penalty_kicks": {
                "x1": 0.625,
                "y1": 0.830556,
                "x2": 0.654297,
                "y2": 0.851389
            },
            "yellow_cards": {
                "x1": 0.625,
                "y1": 0.876389,
                "x2": 0.654297,
                "y2": 0.897222
            }
        }
    },
    "player_performance": {
        "goals": {
            "x1": 0.886719,
            "y1": 0.272222,
            "x2": 0.916016,
            "y2": 0.293056
        },
        "assists": {
            "x1": 0.886719,
            "y1": 0.309028,
            "x2": 0.916016,
            "y2": 0.329861
        },
        "shots": {
            "x1": 0.886719,
            "y1": 0.345833,
            "x2": 0.916016,
            "y2": 0.366667
        },
        "shot_accuracy": {
            "x1": 0.886719,
            "y1": 0.382639,
            "x2": 0.916016,
            "y2": 0.403472
        },
        "passes": {
            "x1": 0.886719,
            "y1": 0.416667,
            "x2": 0.916016,
            "y2": 0.4375
        },
        "pass_accuracy": {
            "x1": 0.886719,
            "y1": 0.453472,
            "x2": 0.916016,
            "y2": 0.474306
        },
        "dribbles": {
            "x1": 0.886719,
            "y1": 0.489583,
            "x2": 0.916016,
            "y2": 0.510417
        },
        "dribble_success_rate": {
            "x1": 0.886719,
            "y1": 0.525694,
            "x2": 0.916016,
            "y2": 0.546528
        },
        "tackles": {
            "x1": 0.886719,
            "y1": 0.561806,
            "x2": 0.916016,
            "y2": 0.582639
        },
        "tackle_success_rate": {
            "x1": 0.886719,
            "y1": 0.597222,
            "x2": 0.916016,
            "y2": 0.618056
        },
        "offsides": {
            "x1": 0.886719,
            "y1": 0.633333,
            "x2": 0.916016,
            "y2": 0.654167
        },
        "fouls_committed": {
            "x1": 0.886719,
            "y1": 0.670139,
            "x2": 0.916016,
            "y2": 0.690972
        },
        "possession_won": {
            "x1": 0.886719,
            "y1": 0.70625,
            "x2": 0.916016,
            "y2": 0.727083
        },
        "possession_lost": {
            "x1": 0.886719,
            "y1": 0.743056,
            "x2": 0.916016,
            "y2": 0.763889
        },
        "minutes_played": {
            "x1": 0.886719,
            "y1": 0.777778,
            "x2": 0.916016,
            "y2": 0.798611
        },
        "distance_covered": {
            "x1": 0.886719,
            "y1": 0.813889,
            "x2": 0.916016,
            "y2": 0.834722
        },
        "distance_sprinted": {
            "x1": 0.886719,
            "y1": 0.850694,
            "x2": 0.916016,
            "y2": 0.871528
        }
    },